{
    "cube_level_params": [
        {
            "freq": 66.79139692865911,
            "noise_sigma": 0.16735125901997533,
            "num_gaussians": 9,
            "num_faults_generated": 4,
            "disp_range_used": [
                -50.0,
                50.0
            ]
        }
    ],
    "all_fault_params": [
        {
            "cube_id": 100,
            "disp_range_signed": [
                -50.0,
                50.0
            ],
            "applied_disp_signed": 3.5376908614878317,
            "vertical_disp_component": -1.238600834876017,
            "strike": 133.6055354737318,
            "dip": 69.50561279281047,
            "fault_type": "Normal",
            "mask_voxels": 77618
        },
        {
            "cube_id": 100,
            "disp_range_signed": [
                -50.0,
                50.0
            ],
            "applied_disp_signed": 41.262944486926216,
            "vertical_disp_component": -14.234322437691143,
            "strike": 225.48374859781737,
            "dip": 69.82026560700442,
            "fault_type": "Normal",
            "mask_voxels": 97542
        },
        {
            "cube_id": 100,
            "disp_range_signed": [
                -50.0,
                50.0
            ],
            "applied_disp_signed": -29.257996964112365,
            "vertical_disp_component": 13.306450175564503,
            "strike": 314.99806592393026,
            "dip": 62.948124340852736,
            "fault_type": "Inverse",
            "mask_voxels": 96272
        },
        {
            "cube_id": 100,
            "disp_range_signed": [
                -50.0,
                50.0
            ],
            "applied_disp_signed": 27.357076466477324,
            "vertical_disp_component": -12.357452274147949,
            "strike": 41.13291715242618,
            "dip": 63.14658108620685,
            "fault_type": "Normal",
            "mask_voxels": 103990
        }
    ]
}